{"cameraMode":{"drawMode":0,"name":"Shaded","section":"Shading Mode"},"sceneLighting":true,"audioPlay":false,"sceneViewState":{"showFog":true,"showMaterialUpdate":false,"showSkybox":true,"showFlares":true,"showImageEffects":true,"showParticleSystems":true},"in2DMode":false,"pivot":{"x":-0.871063232421875,"y":-5.375019073486328,"z":-3.5987548828125},"rotation":{"x":-0.45566728711128237,"y":-0.5374853014945984,"z":0.4398508667945862,"w":-0.5568519830703735},"size":208.6468048095703,"orthographic":false}