{"cameraMode":{"drawMode":0,"name":"Shaded","section":"Shading Mode"},"sceneLighting":true,"audioPlay":false,"sceneViewState":{"showFog":true,"showMaterialUpdate":false,"showSkybox":true,"showFlares":true,"showImageEffects":true,"showParticleSystems":true},"in2DMode":false,"pivot":{"x":-50.18962860107422,"y":102.46710205078125,"z":-155.3845672607422},"rotation":{"x":0.21344880759716035,"y":0.30942726135253909,"z":-0.07087522000074387,"w":0.9241234064102173},"size":119.37159729003906,"orthographic":false}