{"cameraMode":{"drawMode":0,"name":"Shaded","section":"Shading Mode"},"sceneLighting":true,"audioPlay":false,"sceneViewState":{"showFog":true,"showMaterialUpdate":false,"showSkybox":true,"showFlares":true,"showImageEffects":true,"showParticleSystems":true},"in2DMode":false,"pivot":{"x":94.1083984375,"y":-199.073486328125,"z":-21.353271484375},"rotation":{"x":-0.22872555255889893,"y":0.7255704402923584,"z":-0.28469547629356387,"w":-0.5833799839019775},"size":1421.66162109375,"orthographic":false}