{"cameraMode":{"drawMode":0,"name":"Shaded","section":"Shading Mode"},"sceneLighting":false,"audioPlay":false,"sceneViewState":{"showFog":true,"showMaterialUpdate":false,"showSkybox":false,"showFlares":true,"showImageEffects":true,"showParticleSystems":true},"in2DMode":false,"pivot":{"x":-65.13883972167969,"y":37.66545104980469,"z":-23.531625747680665},"rotation":{"x":-0.1332586705684662,"y":-0.8295232653617859,"z":0.22307056188583375,"w":-0.494716078042984},"size":6.6276021003723148,"orthographic":false}