{"cameraMode":{"drawMode":0,"name":"Shaded","section":"Shading Mode"},"sceneLighting":true,"audioPlay":false,"sceneViewState":{"showFog":true,"showMaterialUpdate":false,"showSkybox":true,"showFlares":true,"showImageEffects":true,"showParticleSystems":true},"in2DMode":false,"pivot":{"x":-56.361061096191409,"y":44.36601638793945,"z":-20.426984786987306},"rotation":{"x":-0.04960145056247711,"y":-0.10186263173818588,"z":0.0044677830301225189,"w":-0.9937440156936646},"size":19.92025375366211,"orthographic":false}