{"cameraMode":{"drawMode":0,"name":"Shaded","section":"Shading Mode"},"sceneLighting":true,"audioPlay":false,"sceneViewState":{"showFog":true,"showMaterialUpdate":false,"showSkybox":true,"showFlares":true,"showImageEffects":true,"showParticleSystems":true},"in2DMode":false,"pivot":{"x":535.7590942382813,"y":235.93157958984376,"z":-357.50042724609377},"rotation":{"x":-0.6697825789451599,"y":-0.0011779761407524348,"z":0.0006441570003516972,"w":-0.7427101731300354},"size":677.4113159179688,"orthographic":false}