{"cameraMode":{"drawMode":0,"name":"Shaded","section":"Shading Mode"},"sceneLighting":true,"audioPlay":false,"sceneViewState":{"showFog":true,"showMaterialUpdate":false,"showSkybox":true,"showFlares":true,"showImageEffects":true,"showParticleSystems":true},"in2DMode":false,"pivot":{"x":-8.968889236450196,"y":222.34405517578126,"z":-412.75164794921877},"rotation":{"x":-0.017309609800577165,"y":-0.9633422493934631,"z":0.2607080340385437,"w":-0.06320042908191681},"size":67.51798248291016,"orthographic":false}